[{"model": "main.text", "pk": 1, "fields": {"text": "<textarea name=\"text\" cols=\"40\" rows=\"10\" placeholder=\"\u0412\u0432\u0435\u0434\u0438\u0442\u0435 \u0442\u0435\u043a\u0441\u0442 \u043e\u0431\u0440\u0430\u0449\u0435\u043d\u0438\u044f\" class=\"form-control\" maxlength=\"10000\" required id=\"id_text\">\ndfdf</textarea>"}}, {"model": "main.text", "pk": 2, "fields": {"text": "<textarea name=\"text\" cols=\"40\" rows=\"10\" placeholder=\"\u0412\u0432\u0435\u0434\u0438\u0442\u0435 \u0442\u0435\u043a\u0441\u0442 \u043e\u0431\u0440\u0430\u0449\u0435\u043d\u0438\u044f\" class=\"form-control\" maxlength=\"10000\" required id=\"id_text\">\ndfdf</textarea>"}}, {"model": "main.text", "pk": 3, "fields": {"text": "<textarea name=\"text\" cols=\"40\" rows=\"10\" placeholder=\"\u0412\u0432\u0435\u0434\u0438\u0442\u0435 \u0442\u0435\u043a\u0441\u0442 \u043e\u0431\u0440\u0430\u0449\u0435\u043d\u0438\u044f\" class=\"form-control\" maxlength=\"10000\" required id=\"id_text\">\ndfdf</textarea>"}}, {"model": "main.text", "pk": 4, "fields": {"text": "evedfv d"}}, {"model": "main.text", "pk": 5, "fields": {"text": "<textarea name=\"text\" cols=\"40\" rows=\"10\" placeholder=\"\u0412\u0432\u0435\u0434\u0438\u0442\u0435 \u0442\u0435\u043a\u0441\u0442 \u043e\u0431\u0440\u0430\u0449\u0435\u043d\u0438\u044f\" class=\"form-control\" maxlength=\"10000\" required id=\"id_text\">\n478</textarea>"}}, {"model": "main.text", "pk": 6, "fields": {"text": "<textarea name=\"text\" cols=\"40\" rows=\"10\" placeholder=\"\u0412\u0432\u0435\u0434\u0438\u0442\u0435 \u0442\u0435\u043a\u0441\u0442 \u043e\u0431\u0440\u0430\u0449\u0435\u043d\u0438\u044f\" class=\"form-control\" maxlength=\"10000\" required id=\"id_text\">\nergerg</textarea>"}}, {"model": "main.text", "pk": 7, "fields": {"text": "<textarea name=\"text\" cols=\"40\" rows=\"10\" placeholder=\"\u0412\u0432\u0435\u0434\u0438\u0442\u0435 \u0442\u0435\u043a\u0441\u0442 \u043e\u0431\u0440\u0430\u0449\u0435\u043d\u0438\u044f\" class=\"form-control\" maxlength=\"10000\" required id=\"id_text\">\nsdcd</textarea>"}}, {"model": "main.text", "pk": 8, "fields": {"text": "<textarea name=\"text\" cols=\"40\" rows=\"10\" placeholder=\"\u0412\u0432\u0435\u0434\u0438\u0442\u0435 \u0442\u0435\u043a\u0441\u0442 \u043e\u0431\u0440\u0430\u0449\u0435\u043d\u0438\u044f\" class=\"form-control\" maxlength=\"10000\" required id=\"id_text\">\nsdcsd</textarea>"}}, {"model": "main.text", "pk": 9, "fields": {"text": "1234"}}, {"model": "main.text", "pk": 10, "fields": {"text": "dgg"}}, {"model": "main.text", "pk": 11, "fields": {"text": ",l"}}, {"model": "main.events", "pk": 1, "fields": {"title": "erfre", "anons": "ergrg", "text": 4, "date": "2021-01-18T19:37:30Z"}}, {"model": "contenttypes.contenttype", "pk": 1, "fields": {"app_label": "main", "model": "text"}}, {"model": "contenttypes.contenttype", "pk": 2, "fields": {"app_label": "main", "model": "workers"}}, {"model": "contenttypes.contenttype", "pk": 3, "fields": {"app_label": "main", "model": "refences"}}, {"model": "contenttypes.contenttype", "pk": 4, "fields": {"app_label": "main", "model": "news"}}, {"model": "contenttypes.contenttype", "pk": 5, "fields": {"app_label": "main", "model": "events"}}, {"model": "contenttypes.contenttype", "pk": 6, "fields": {"app_label": "admin", "model": "logentry"}}, {"model": "contenttypes.contenttype", "pk": 7, "fields": {"app_label": "auth", "model": "permission"}}, {"model": "contenttypes.contenttype", "pk": 8, "fields": {"app_label": "auth", "model": "group"}}, {"model": "contenttypes.contenttype", "pk": 9, "fields": {"app_label": "auth", "model": "user"}}, {"model": "contenttypes.contenttype", "pk": 10, "fields": {"app_label": "contenttypes", "model": "contenttype"}}, {"model": "contenttypes.contenttype", "pk": 11, "fields": {"app_label": "sessions", "model": "session"}}, {"model": "contenttypes.contenttype", "pk": 12, "fields": {"app_label": "sites", "model": "site"}}, {"model": "contenttypes.contenttype", "pk": 13, "fields": {"app_label": "account", "model": "emailaddress"}}, {"model": "contenttypes.contenttype", "pk": 14, "fields": {"app_label": "account", "model": "emailconfirmation"}}, {"model": "sites.site", "pk": 1, "fields": {"domain": "example.com", "name": "example.com"}}, {"model": "auth.permission", "pk": 1, "fields": {"name": "Can add \u0413\u043b\u043e\u0431\u0430\u043b\u044c\u043d\u044b\u0439 \u0442\u0435\u043a\u0441\u0442", "content_type": 1, "codename": "add_text"}}, {"model": "auth.permission", "pk": 2, "fields": {"name": "Can change \u0413\u043b\u043e\u0431\u0430\u043b\u044c\u043d\u044b\u0439 \u0442\u0435\u043a\u0441\u0442", "content_type": 1, "codename": "change_text"}}, {"model": "auth.permission", "pk": 3, "fields": {"name": "Can delete \u0413\u043b\u043e\u0431\u0430\u043b\u044c\u043d\u044b\u0439 \u0442\u0435\u043a\u0441\u0442", "content_type": 1, "codename": "delete_text"}}, {"model": "auth.permission", "pk": 4, "fields": {"name": "Can view \u0413\u043b\u043e\u0431\u0430\u043b\u044c\u043d\u044b\u0439 \u0442\u0435\u043a\u0441\u0442", "content_type": 1, "codename": "view_text"}}, {"model": "auth.permission", "pk": 5, "fields": {"name": "Can add \u0420\u0430\u0431\u043e\u0442\u043d\u0438\u043a", "content_type": 2, "codename": "add_workers"}}, {"model": "auth.permission", "pk": 6, "fields": {"name": "Can change \u0420\u0430\u0431\u043e\u0442\u043d\u0438\u043a", "content_type": 2, "codename": "change_workers"}}, {"model": "auth.permission", "pk": 7, "fields": {"name": "Can delete \u0420\u0430\u0431\u043e\u0442\u043d\u0438\u043a", "content_type": 2, "codename": "delete_workers"}}, {"model": "auth.permission", "pk": 8, "fields": {"name": "Can view \u0420\u0430\u0431\u043e\u0442\u043d\u0438\u043a", "content_type": 2, "codename": "view_workers"}}, {"model": "auth.permission", "pk": 9, "fields": {"name": "Can add \u041e\u0431\u0440\u0430\u0449\u0435\u043d\u0438\u044f \u0433\u0440\u0430\u0436\u0434\u0430\u043d", "content_type": 3, "codename": "add_refences"}}, {"model": "auth.permission", "pk": 10, "fields": {"name": "Can change \u041e\u0431\u0440\u0430\u0449\u0435\u043d\u0438\u044f \u0433\u0440\u0430\u0436\u0434\u0430\u043d", "content_type": 3, "codename": "change_refences"}}, {"model": "auth.permission", "pk": 11, "fields": {"name": "Can delete \u041e\u0431\u0440\u0430\u0449\u0435\u043d\u0438\u044f \u0433\u0440\u0430\u0436\u0434\u0430\u043d", "content_type": 3, "codename": "delete_refences"}}, {"model": "auth.permission", "pk": 12, "fields": {"name": "Can view \u041e\u0431\u0440\u0430\u0449\u0435\u043d\u0438\u044f \u0433\u0440\u0430\u0436\u0434\u0430\u043d", "content_type": 3, "codename": "view_refences"}}, {"model": "auth.permission", "pk": 13, "fields": {"name": "Can add \u041d\u043e\u0432\u043e\u0441\u0442\u044c", "content_type": 4, "codename": "add_news"}}, {"model": "auth.permission", "pk": 14, "fields": {"name": "Can change \u041d\u043e\u0432\u043e\u0441\u0442\u044c", "content_type": 4, "codename": "change_news"}}, {"model": "auth.permission", "pk": 15, "fields": {"name": "Can delete \u041d\u043e\u0432\u043e\u0441\u0442\u044c", "content_type": 4, "codename": "delete_news"}}, {"model": "auth.permission", "pk": 16, "fields": {"name": "Can view \u041d\u043e\u0432\u043e\u0441\u0442\u044c", "content_type": 4, "codename": "view_news"}}, {"model": "auth.permission", "pk": 17, "fields": {"name": "Can add \u0410\u043d\u043e\u043d\u0441 \u043c\u0435\u0440\u043e\u043f\u0440\u0438\u044f\u0442\u0438\u044f", "content_type": 5, "codename": "add_events"}}, {"model": "auth.permission", "pk": 18, "fields": {"name": "Can change \u0410\u043d\u043e\u043d\u0441 \u043c\u0435\u0440\u043e\u043f\u0440\u0438\u044f\u0442\u0438\u044f", "content_type": 5, "codename": "change_events"}}, {"model": "auth.permission", "pk": 19, "fields": {"name": "Can delete \u0410\u043d\u043e\u043d\u0441 \u043c\u0435\u0440\u043e\u043f\u0440\u0438\u044f\u0442\u0438\u044f", "content_type": 5, "codename": "delete_events"}}, {"model": "auth.permission", "pk": 20, "fields": {"name": "Can view \u0410\u043d\u043e\u043d\u0441 \u043c\u0435\u0440\u043e\u043f\u0440\u0438\u044f\u0442\u0438\u044f", "content_type": 5, "codename": "view_events"}}, {"model": "auth.permission", "pk": 21, "fields": {"name": "Can add log entry", "content_type": 6, "codename": "add_logentry"}}, {"model": "auth.permission", "pk": 22, "fields": {"name": "Can change log entry", "content_type": 6, "codename": "change_logentry"}}, {"model": "auth.permission", "pk": 23, "fields": {"name": "Can delete log entry", "content_type": 6, "codename": "delete_logentry"}}, {"model": "auth.permission", "pk": 24, "fields": {"name": "Can view log entry", "content_type": 6, "codename": "view_logentry"}}, {"model": "auth.permission", "pk": 25, "fields": {"name": "Can add permission", "content_type": 7, "codename": "add_permission"}}, {"model": "auth.permission", "pk": 26, "fields": {"name": "Can change permission", "content_type": 7, "codename": "change_permission"}}, {"model": "auth.permission", "pk": 27, "fields": {"name": "Can delete permission", "content_type": 7, "codename": "delete_permission"}}, {"model": "auth.permission", "pk": 28, "fields": {"name": "Can view permission", "content_type": 7, "codename": "view_permission"}}, {"model": "auth.permission", "pk": 29, "fields": {"name": "Can add group", "content_type": 8, "codename": "add_group"}}, {"model": "auth.permission", "pk": 30, "fields": {"name": "Can change group", "content_type": 8, "codename": "change_group"}}, {"model": "auth.permission", "pk": 31, "fields": {"name": "Can delete group", "content_type": 8, "codename": "delete_group"}}, {"model": "auth.permission", "pk": 32, "fields": {"name": "Can view group", "content_type": 8, "codename": "view_group"}}, {"model": "auth.permission", "pk": 33, "fields": {"name": "Can add user", "content_type": 9, "codename": "add_user"}}, {"model": "auth.permission", "pk": 34, "fields": {"name": "Can change user", "content_type": 9, "codename": "change_user"}}, {"model": "auth.permission", "pk": 35, "fields": {"name": "Can delete user", "content_type": 9, "codename": "delete_user"}}, {"model": "auth.permission", "pk": 36, "fields": {"name": "Can view user", "content_type": 9, "codename": "view_user"}}, {"model": "auth.permission", "pk": 37, "fields": {"name": "Can add content type", "content_type": 10, "codename": "add_contenttype"}}, {"model": "auth.permission", "pk": 38, "fields": {"name": "Can change content type", "content_type": 10, "codename": "change_contenttype"}}, {"model": "auth.permission", "pk": 39, "fields": {"name": "Can delete content type", "content_type": 10, "codename": "delete_contenttype"}}, {"model": "auth.permission", "pk": 40, "fields": {"name": "Can view content type", "content_type": 10, "codename": "view_contenttype"}}, {"model": "auth.permission", "pk": 41, "fields": {"name": "Can add session", "content_type": 11, "codename": "add_session"}}, {"model": "auth.permission", "pk": 42, "fields": {"name": "Can change session", "content_type": 11, "codename": "change_session"}}, {"model": "auth.permission", "pk": 43, "fields": {"name": "Can delete session", "content_type": 11, "codename": "delete_session"}}, {"model": "auth.permission", "pk": 44, "fields": {"name": "Can view session", "content_type": 11, "codename": "view_session"}}, {"model": "auth.permission", "pk": 45, "fields": {"name": "Can add site", "content_type": 12, "codename": "add_site"}}, {"model": "auth.permission", "pk": 46, "fields": {"name": "Can change site", "content_type": 12, "codename": "change_site"}}, {"model": "auth.permission", "pk": 47, "fields": {"name": "Can delete site", "content_type": 12, "codename": "delete_site"}}, {"model": "auth.permission", "pk": 48, "fields": {"name": "Can view site", "content_type": 12, "codename": "view_site"}}, {"model": "auth.permission", "pk": 49, "fields": {"name": "Can add email address", "content_type": 13, "codename": "add_emailaddress"}}, {"model": "auth.permission", "pk": 50, "fields": {"name": "Can change email address", "content_type": 13, "codename": "change_emailaddress"}}, {"model": "auth.permission", "pk": 51, "fields": {"name": "Can delete email address", "content_type": 13, "codename": "delete_emailaddress"}}, {"model": "auth.permission", "pk": 52, "fields": {"name": "Can view email address", "content_type": 13, "codename": "view_emailaddress"}}, {"model": "auth.permission", "pk": 53, "fields": {"name": "Can add email confirmation", "content_type": 14, "codename": "add_emailconfirmation"}}, {"model": "auth.permission", "pk": 54, "fields": {"name": "Can change email confirmation", "content_type": 14, "codename": "change_emailconfirmation"}}, {"model": "auth.permission", "pk": 55, "fields": {"name": "Can delete email confirmation", "content_type": 14, "codename": "delete_emailconfirmation"}}, {"model": "auth.permission", "pk": 56, "fields": {"name": "Can view email confirmation", "content_type": 14, "codename": "view_emailconfirmation"}}, {"model": "auth.group", "pk": 1, "fields": {"name": "user", "permissions": [49, 50, 51, 52, 53, 54, 55, 56, 21, 22, 23, 24, 29, 30, 31, 32, 25, 26, 27, 28, 33, 34, 35, 36, 37, 38, 39, 40, 17, 18, 19, 20, 13, 14, 15, 16, 9, 10, 11, 12, 1, 2, 3, 4, 5, 6, 7, 8, 41, 42, 43, 44, 45, 46, 47, 48]}}, {"model": "auth.user", "pk": 1, "fields": {"password": "pbkdf2_sha256$180000$hVAGtS5moo0v$f0kYB3c3mOH8cIdaxizUn/YPFIYO4701o9cpYny+rfI=", "last_login": "2021-01-18T20:39:06.726Z", "is_superuser": true, "username": "admin", "first_name": "", "last_name": "", "email": "", "is_staff": true, "is_active": true, "date_joined": "2021-01-18T19:29:20.395Z", "groups": [], "user_permissions": []}}, {"model": "auth.user", "pk": 2, "fields": {"password": "pbkdf2_sha256$180000$x4s0QKMva0RC$8KiKAu8NNESfj2yQNBtbHNK66O8XBWQ+fKZCJi1jKGU=", "last_login": null, "is_superuser": false, "username": "x", "first_name": "", "last_name": "", "email": "", "is_staff": false, "is_active": true, "date_joined": "2021-01-18T19:31:10.229Z", "groups": [], "user_permissions": []}}, {"model": "auth.user", "pk": 3, "fields": {"password": "pbkdf2_sha256$180000$q8bRECzDB9Zl$PYMc9qWbfgagC8HooqQRZMuDGYlRfI2kNZ45g9giKi4=", "last_login": "2021-01-18T19:33:04.116Z", "is_superuser": false, "username": "xwe", "first_name": "", "last_name": "", "email": "", "is_staff": false, "is_active": true, "date_joined": "2021-01-18T19:32:57.847Z", "groups": [1], "user_permissions": []}}, {"model": "admin.logentry", "pk": 1, "fields": {"action_time": "2021-01-18T19:32:19.920Z", "user": 1, "content_type": 8, "object_id": "1", "object_repr": "user", "action_flag": 1, "change_message": "[{\"added\": {}}]"}}, {"model": "admin.logentry", "pk": 2, "fields": {"action_time": "2021-01-18T19:37:28.635Z", "user": 1, "content_type": 1, "object_id": "4", "object_repr": "evedfv d", "action_flag": 1, "change_message": "[{\"added\": {}}]"}}, {"model": "admin.logentry", "pk": 3, "fields": {"action_time": "2021-01-18T19:37:31.925Z", "user": 1, "content_type": 5, "object_id": "1", "object_repr": "erfre", "action_flag": 1, "change_message": "[{\"added\": {}}]"}}, {"model": "admin.logentry", "pk": 4, "fields": {"action_time": "2021-01-18T19:55:10.567Z", "user": 1, "content_type": 3, "object_id": "6", "object_repr": "1234", "action_flag": 3, "change_message": ""}}, {"model": "admin.logentry", "pk": 5, "fields": {"action_time": "2021-01-18T19:55:10.574Z", "user": 1, "content_type": 3, "object_id": "5", "object_repr": "<input type=\"text\" name=\"title\" value=\"dscsd\" placeholder=\"\u0412\u0432\u0435\u0434\u0438\u0442\u0435 \u0437\u0430\u0433\u043e\u043b\u043e\u0432\u043e\u043a \u043e\u0431\u0440\u0430\u0449\u0435\u043d\u0438\u044f\" class=\"form-control\" maxlength=\"300\" required id=\"id_title\">", "action_flag": 3, "change_message": ""}}, {"model": "admin.logentry", "pk": 6, "fields": {"action_time": "2021-01-18T19:55:10.576Z", "user": 1, "content_type": 3, "object_id": "4", "object_repr": "<input type=\"text\" name=\"title\" value=\"dvsv\" placeholder=\"\u0412\u0432\u0435\u0434\u0438\u0442\u0435 \u0437\u0430\u0433\u043e\u043b\u043e\u0432\u043e\u043a \u043e\u0431\u0440\u0430\u0449\u0435\u043d\u0438\u044f\" class=\"form-control\" maxlength=\"300\" required id=\"id_title\">", "action_flag": 3, "change_message": ""}}, {"model": "admin.logentry", "pk": 7, "fields": {"action_time": "2021-01-18T19:55:10.578Z", "user": 1, "content_type": 3, "object_id": "3", "object_repr": "<input type=\"text\" name=\"title\" value=\"g3re\" placeholder=\"\u0412\u0432\u0435\u0434\u0438\u0442\u0435 \u0437\u0430\u0433\u043e\u043b\u043e\u0432\u043e\u043a \u043e\u0431\u0440\u0430\u0449\u0435\u043d\u0438\u044f\" class=\"form-control\" maxlength=\"300\" required id=\"id_title\">", "action_flag": 3, "change_message": ""}}, {"model": "admin.logentry", "pk": 8, "fields": {"action_time": "2021-01-18T19:55:10.580Z", "user": 1, "content_type": 3, "object_id": "2", "object_repr": "<input type=\"text\" name=\"title\" value=\"kjml\" placeholder=\"\u0412\u0432\u0435\u0434\u0438\u0442\u0435 \u0437\u0430\u0433\u043e\u043b\u043e\u0432\u043e\u043a \u043e\u0431\u0440\u0430\u0449\u0435\u043d\u0438\u044f\" class=\"form-control\" maxlength=\"300\" required id=\"id_title\">", "action_flag": 3, "change_message": ""}}, {"model": "admin.logentry", "pk": 9, "fields": {"action_time": "2021-01-18T19:55:10.582Z", "user": 1, "content_type": 3, "object_id": "1", "object_repr": "<input type=\"text\" name=\"title\" value=\"df\" placeholder=\"\u0412\u0432\u0435\u0434\u0438\u0442\u0435 \u0437\u0430\u0433\u043e\u043b\u043e\u0432\u043e\u043a \u043e\u0431\u0440\u0430\u0449\u0435\u043d\u0438\u044f\" class=\"form-control\" maxlength=\"300\" required id=\"id_title\">", "action_flag": 3, "change_message": ""}}, {"model": "main.refences", "pk": 7, "fields": {"title": "rfdf", "text": 10, "user": 1}}, {"model": "main.refences", "pk": 8, "fields": {"title": "lk", "text": 11, "user": 1}}]